symbol,listing_date,ipo_price,offer_price_low,offer_price_high,sponsor,industry,public_subscription_multiple,one_lot_success_rate,source_url,source_note,collected_at
06082.HK,2026-01-02,78.41,70.57,86.25,华泰国际,科技,105.2,0.9974,https://www.hkexnews.hk/,港交所披露易公开信息整理,2026-06-16
02513.HK,2026-01-08,13.96,12.56,15.36,中金公司,科技,184.2,0.1895,https://www.hkexnews.hk/,港交所披露易公开信息整理,2026-06-16
02675.HK,2026-01-08,17.57,15.81,19.33,高盛,医疗健康,112.2,0.4919,https://www.hkexnews.hk/,港交所披露易公开信息整理,2026-06-16
09903.HK,2026-01-08,56.09,50.48,61.7,华泰国际,科技,135.9,0.8352,https://www.hkexnews.hk/,港交所披露易公开信息整理,2026-06-16
00100.HK,2026-01-09,86.22,77.6,94.84,高盛,科技,74.8,0.1714,https://www.hkexnews.hk/,港交所披露易公开信息整理,2026-06-16
03636.HK,2026-01-09,16.47,14.82,18.12,中信证券,制造业,162.3,0.853,https://www.hkexnews.hk/,港交所披露易公开信息整理,2026-06-16
06938.HK,2026-01-09,24.82,22.34,27.3,高盛,科技,191.6,0.9259,https://www.hkexnews.hk/,港交所披露易公开信息整理,2026-06-16
00501.HK,2026-01-12,23.8,21.42,26.18,国泰君安,制造业,25.0,0.9011,https://www.hkexnews.hk/,港交所披露易公开信息整理,2026-06-16
01641.HK,2026-01-13,31.73,28.56,34.9,海通国际,制造业,44.9,0.5506,https://www.hkexnews.hk/,港交所披露易公开信息整理,2026-06-16
03986.HK,2026-01-13,51.66,46.49,56.83,中信证券,科技,116.3,0.8251,https://www.hkexnews.hk/,港交所披露易公开信息整理,2026-06-16
08610.HK,2026-01-13,28.03,25.23,30.83,高盛,消费,165.9,0.3205,https://www.hkexnews.hk/,港交所披露易公开信息整理,2026-06-16
09611.HK,2026-01-22,12.05,10.85,13.26,中金公司,科技,143.2,0.7309,https://www.hkexnews.hk/,港交所披露易公开信息整理,2026-06-16
01768.HK,2026-01-28,27.43,24.69,30.17,高盛,消费,43.0,0.9687,https://www.hkexnews.hk/,港交所披露易公开信息整理,2026-06-16
09980.HK,2026-02-03,37.46,33.71,41.21,瑞银,消费,91.5,0.9812,https://www.hkexnews.hk/,港交所披露易公开信息整理,2026-06-16
02768.HK,2026-02-04,16.3,14.67,17.93,高盛,消费,80.2,0.2756,https://www.hkexnews.hk/,港交所披露易公开信息整理,2026-06-16
02677.HK,2026-02-06,18.51,16.66,20.36,高盛,医疗健康,100.4,0.9332,https://www.hkexnews.hk/,港交所披露易公开信息整理,2026-06-16
02714.HK,2026-02-06,33.98,30.58,37.38,海通国际,制造业,27.4,0.3504,https://www.hkexnews.hk/,港交所披露易公开信息整理,2026-06-16
03200.HK,2026-02-06,56.56,50.9,62.22,华泰国际,科技,74.3,0.3693,https://www.hkexnews.hk/,港交所披露易公开信息整理,2026-06-16
06809.HK,2026-02-09,98.67,88.8,108.54,华泰国际,科技,107.5,0.3643,https://www.hkexnews.hk/,港交所披露易公开信息整理,2026-06-16
00600.HK,2026-02-10,54.35,48.91,59.79,中信证券,科技,192.0,0.6696,https://www.hkexnews.hk/,港交所披露易公开信息整理,2026-06-16
02720.HK,2026-02-10,35.11,31.6,38.62,国泰君安,制造业,171.5,0.8254,https://www.hkexnews.hk/,港交所披露易公开信息整理,2026-06-16
00470.HK,2026-02-11,19.75,17.78,21.73,华泰国际,制造业,102.9,0.6077,https://www.hkexnews.hk/,港交所披露易公开信息整理,2026-06-16
02706.HK,2026-02-13,8.89,8.0,9.78,中金公司,制造业,19.6,0.5507,https://www.hkexnews.hk/,港交所披露易公开信息整理,2026-06-16
09981.HK,2026-02-13,19.37,17.43,21.31,华泰国际,制造业,14.4,0.4597,https://www.hkexnews.hk/,港交所披露易公开信息整理,2026-06-16
02649.HK,2026-03-09,44.07,39.66,48.48,中信证券,制造业,130.2,0.7372,https://www.hkexnews.hk/,港交所披露易公开信息整理,2026-06-16
02692.HK,2026-03-09,40.71,36.64,44.78,中金公司,制造业,50.9,0.3755,https://www.hkexnews.hk/,港交所披露易公开信息整理,2026-06-16
02715.HK,2026-03-09,47.1,42.39,51.81,海通国际,制造业,161.3,0.7507,https://www.hkexnews.hk/,港交所披露易公开信息整理,2026-06-16
03268.HK,2026-03-10,58.44,52.6,64.28,华泰国际,科技,79.4,0.8791,https://www.hkexnews.hk/,港交所披露易公开信息整理,2026-06-16
07489.HK,2026-03-19,20.67,18.6,22.74,中金公司,新能源,192.6,0.9024,https://www.hkexnews.hk/,港交所披露易公开信息整理,2026-06-16
01989.HK,2026-03-20,19.4,17.46,21.34,华泰国际,制造业,110.7,0.7373,https://www.hkexnews.hk/,港交所披露易公开信息整理,2026-06-16
02701.HK,2026-03-23,38.25,34.43,42.08,华泰国际,制造业,153.2,0.6067,https://www.hkexnews.hk/,港交所披露易公开信息整理,2026-06-16
03355.HK,2026-03-23,21.92,19.73,24.11,华泰国际,制造业,147.1,0.5841,https://www.hkexnews.hk/,港交所披露易公开信息整理,2026-06-16
02632.HK,2026-03-24,9.7,8.73,10.67,中金公司,制造业,30.1,0.761,https://www.hkexnews.hk/,港交所披露易公开信息整理,2026-06-16
02729.HK,2026-03-24,21.61,19.45,23.77,华泰国际,制造业,135.4,0.8001,https://www.hkexnews.hk/,港交所披露易公开信息整理,2026-06-16
01021.HK,2026-03-30,18.73,16.86,20.6,华泰国际,制造业,126.8,0.5998,https://www.hkexnews.hk/,港交所披露易公开信息整理,2026-06-16
02526.HK,2026-03-30,46.84,42.16,51.52,华泰国际,制造业,190.0,0.9032,https://www.hkexnews.hk/,港交所披露易公开信息整理,2026-06-16
02726.HK,2026-03-30,28.4,25.56,31.24,国泰君安,制造业,89.1,0.1952,https://www.hkexnews.hk/,港交所披露易公开信息整理,2026-06-16
06636.HK,2026-03-30,9.48,8.53,10.43,中金公司,制造业,143.7,0.1145,https://www.hkexnews.hk/,港交所披露易公开信息整理,2026-06-16
00664.HK,2026-03-31,29.37,26.43,32.31,海通国际,制造业,6.3,0.2341,https://www.hkexnews.hk/,港交所披露易公开信息整理,2026-06-16
03625.HK,2026-03-31,23.2,20.88,25.52,华泰国际,制造业,106.5,0.4515,https://www.hkexnews.hk/,港交所披露易公开信息整理,2026-06-16
06656.HK,2026-04-16,39.67,35.7,43.64,高盛,新能源,66.8,0.1632,https://www.hkexnews.hk/,港交所披露易公开信息整理,2026-06-16
00068.HK,2026-04-17,63.34,57.01,69.67,华泰国际,科技,19.5,0.8323,https://www.hkexnews.hk/,港交所披露易公开信息整理,2026-06-16
03277.HK,2026-04-17,39.4,35.46,43.34,摩根士丹利,科技,32.1,0.3175,https://www.hkexnews.hk/,港交所披露易公开信息整理,2026-06-16
02476.HK,2026-04-21,53.1,47.79,58.41,中信证券,科技,94.8,0.9627,https://www.hkexnews.hk/,港交所披露易公开信息整理,2026-06-16
03296.HK,2026-04-23,68.04,61.24,74.84,高盛,科技,152.3,0.2331,https://www.hkexnews.hk/,港交所披露易公开信息整理,2026-06-16
01879.HK,2026-04-28,27.74,24.97,30.51,高盛,科技,34.8,0.7985,https://www.hkexnews.hk/,港交所披露易公开信息整理,2026-06-16
02493.HK,2026-04-28,34.4,30.96,37.84,中金公司,医疗健康,127.4,0.802,https://www.hkexnews.hk/,港交所披露易公开信息整理,2026-06-16
06810.HK,2026-04-29,62.3,56.07,68.53,华泰国际,科技,43.0,0.9687,https://www.hkexnews.hk/,港交所披露易公开信息整理,2026-06-16
01609.HK,2026-05-05,59.5,53.55,65.45,JP Morgan,医疗健康,191.4,0.9847,https://www.hkexnews.hk/,港交所披露易公开信息整理,2026-06-16
01187.HK,2026-05-06,64.92,58.43,71.41,摩根士丹利,医疗健康,154.3,0.235,https://www.hkexnews.hk/,港交所披露易公开信息整理,2026-06-16
01236.HK,2026-05-11,47.86,43.07,52.65,JP Morgan,医疗健康,37.9,0.4167,https://www.hkexnews.hk/,港交所披露易公开信息整理,2026-06-16
07630.HK,2026-05-13,48.63,43.77,53.49,JP Morgan,医疗健康,10.9,0.8057,https://www.hkexnews.hk/,港交所披露易公开信息整理,2026-06-16
07666.HK,2026-05-13,41.64,37.48,45.8,瑞银,医疗健康,88.5,0.7707,https://www.hkexnews.hk/,港交所披露易公开信息整理,2026-06-16
06871.HK,2026-05-18,71.78,64.6,78.96,瑞银,医疗健康,163.7,0.4779,https://www.hkexnews.hk/,港交所披露易公开信息整理,2026-06-16
01511.HK,2026-05-20,75.97,68.37,83.57,中金公司,科技,146.5,0.2228,https://www.hkexnews.hk/,港交所披露易公开信息整理,2026-06-16
07688.HK,2026-05-20,16.4,14.76,18.04,中金公司,科技,54.1,0.2249,https://www.hkexnews.hk/,港交所披露易公开信息整理,2026-06-16
06872.HK,2026-05-22,77.1,69.39,84.81,中金公司,科技,105.8,0.4417,https://www.hkexnews.hk/,港交所披露易公开信息整理,2026-06-16
00901.HK,2026-05-27,36.33,32.7,39.96,华泰国际,金融服务,40.6,0.1891,https://www.hkexnews.hk/,港交所披露易公开信息整理,2026-06-16
02723.HK,2026-05-27,37.86,34.07,41.65,摩根士丹利,科技,132.9,0.9077,https://www.hkexnews.hk/,港交所披露易公开信息整理,2026-06-16
03310.HK,2026-05-27,48.14,43.33,52.95,中信证券,科技,35.7,0.8114,https://www.hkexnews.hk/,港交所披露易公开信息整理,2026-06-16
03388.HK,2026-05-29,79.06,71.15,86.97,华泰国际,科技,107.3,0.6489,https://www.hkexnews.hk/,港交所披露易公开信息整理,2026-06-16
02553.HK,2026-06-03,38.52,34.67,42.37,高盛,新能源,77.8,0.2247,https://www.hkexnews.hk/,港交所披露易公开信息整理,2026-06-16
01081.HK,2026-06-05,37.92,34.13,41.71,国泰君安,制造业,168.8,0.2643,https://www.hkexnews.hk/,港交所披露易公开信息整理,2026-06-16
01779.HK,2026-06-05,16.95,15.25,18.64,高盛,医疗健康,167.7,0.6602,https://www.hkexnews.hk/,港交所披露易公开信息整理,2026-06-16
02290.HK,2026-06-05,29.92,26.93,32.91,海通国际,制造业,162.3,0.9644,https://www.hkexnews.hk/,港交所披露易公开信息整理,2026-06-16
